{
  "config": {
    "run_name": "exp1_1",
    "out_dir": "./results",
    "seed": 42,
    "device": null,
    "bs_train": 50,
    "bs_test": 12,
    "batches": 250,
    "epochs": 10,
    "early_stopping": 5,
    "checkpoints": null,
    "lr": 0.001,
    "reg": 0.001,
    "filters_per_layer": [
      64
    ],
    "layers_per_block": 8,
    "pool_every": 3,
    "hidden_dims": [
      100
    ],
    "model_type": "cnn",
    "activation": "relu",
    "activation_params": {},
    "batch_norm": false,
    "dropout": 0.4,
    "bottleneck": false,
    "pooling_type": "avg",
    "pooling_params": {
      "kernel_size": 2
    },
    "conv_params": {
      "kernel_size": 2,
      "stride": 1,
      "padding": 1
    },
    "kw": {}
  },
  "results": {
    "num_epochs": 6,
    "train_loss": [
      2.3038046579360962,
      2.3031144962310792,
      2.302909484863281,
      2.302538776397705,
      2.3025391330718996,
      2.3025825757980347,
      2.3025072479248045
    ],
    "train_acc": [
      10.224,
      10.144,
      9.608,
      10.064,
      9.888,
      10.104,
      9.64
    ],
    "test_loss": [
      2.3021405963897705,
      2.3023029346466064,
      2.302242995262146,
      2.3022829217910767,
      2.3023150272369386,
      2.302327293395996,
      2.302364381790161
    ],
    "test_acc": [
      10.533333333333333,
      10.6,
      10.533333333333333,
      10.533333333333333,
      10.533333333333333,
      10.533333333333333,
      10.533333333333333
    ]
  }
}