{
  "config": {
    "run_name": "exp1_2",
    "out_dir": "./results",
    "seed": 42,
    "device": null,
    "bs_train": 50,
    "bs_test": 12,
    "batches": 250,
    "epochs": 10,
    "early_stopping": 5,
    "checkpoints": null,
    "lr": 0.001,
    "reg": 0.001,
    "filters_per_layer": [
      32
    ],
    "layers_per_block": 4,
    "pool_every": 3,
    "hidden_dims": [
      100
    ],
    "model_type": "cnn",
    "activation": "relu",
    "activation_params": {},
    "batch_norm": false,
    "dropout": 0.4,
    "bottleneck": false,
    "pooling_type": "avg",
    "pooling_params": {
      "kernel_size": 2
    },
    "conv_params": {
      "kernel_size": 2,
      "stride": 1,
      "padding": 1
    },
    "kw": {}
  },
  "results": {
    "num_epochs": 10,
    "train_loss": [
      1.9922817878723145,
      1.6810286574363709,
      1.53238214635849,
      1.4402815141677856,
      1.3626212496757508,
      1.2883076963424682,
      1.2161500186920167,
      1.138839793920517,
      1.0655366721153259,
      0.9918946905136108
    ],
    "train_acc": [
      26.848,
      39.92,
      44.256,
      48.6,
      50.664,
      53.664,
      55.824,
      59.416,
      61.848,
      64.6
    ],
    "test_loss": [
      1.784527858734131,
      1.686236813545227,
      1.5393429019451141,
      1.4879114363193513,
      1.4218030223846436,
      1.3903763601779937,
      1.3878347434997558,
      1.3765172191858293,
      1.3555940802097322,
      1.4128131313323975
    ],
    "test_acc": [
      36.36666666666667,
      38.7,
      45.1,
      45.833333333333336,
      47.8,
      49.63333333333333,
      51.4,
      51.8,
      52.1,
      51.63333333333333
    ]
  }
}