{
  "config": {
    "run_name": "exp1_1",
    "out_dir": "./results",
    "seed": 42,
    "device": null,
    "bs_train": 50,
    "bs_test": 12,
    "batches": 250,
    "epochs": 10,
    "early_stopping": 5,
    "checkpoints": null,
    "lr": 0.001,
    "reg": 0.001,
    "filters_per_layer": [
      64
    ],
    "layers_per_block": 16,
    "pool_every": 3,
    "hidden_dims": [
      100
    ],
    "model_type": "cnn",
    "activation": "relu",
    "activation_params": {},
    "batch_norm": false,
    "dropout": 0.4,
    "bottleneck": false,
    "pooling_type": "avg",
    "pooling_params": {
      "kernel_size": 2
    },
    "conv_params": {
      "kernel_size": 2,
      "stride": 1,
      "padding": 1
    },
    "kw": {}
  },
  "results": {
    "num_epochs": 7,
    "train_loss": [
      2.3035806035995483,
      2.3028731307983397,
      2.302735493659973,
      2.3025971460342407,
      2.3026460676193237,
      2.3026095418930055,
      2.3026024436950685,
      2.302528606414795
    ],
    "train_acc": [
      10.04,
      10.088,
      10.384,
      10.168,
      10.088,
      10.184,
      10.024,
      10.336
    ],
    "test_loss": [
      2.302739828109741,
      2.302653567314148,
      2.302391198158264,
      2.3026612329483034,
      2.3024601411819456,
      2.3024510526657105,
      2.302471654891968,
      2.3024783172607424
    ],
    "test_acc": [
      10.233333333333333,
      10.233333333333333,
      10.6,
      10.233333333333333,
      10.233333333333333,
      10.233333333333333,
      10.233333333333333,
      10.233333333333333
    ]
  }
}